question,output,timestamp
What is the operating voltage of LM358?,,2025-12-13 11:46:14.151674
What is the supply voltage range of the LM358?,"'
LM158A, LM258A, LM2904, and LM2904B
Typical characteristics section is applicable for LM158, LM258A, LM2904, and LM2904B.
20 0.36
18
0.34 –55C
16 0C
c) 14 A) 0.32 125C
d m
( n A 12 nt ( 0.3
urr e
nt
10
C
urr
e
0.28
C 8 y
I n p
ut
6 5 1 V 5V dc dc S u p
pl
0
0
.
.2
24
6
4
30Vdc
2 0.22
0
0.2
–55 –35 –15 5 25 45 65 85 10
We have the opportunity to refine the existing answer (only if needed) with some more",2025-12-13 13:56:33.030344
What is the supply voltage range of the LM358?,"'
LM158A, LM258A, LM2904, and LM2904B
Typical characteristics section is applicable for LM158, LM258A, LM2904, and LM2904B.
20 0.36
18
0.34 –55C
16 0C
c) 14 A) 0.32 125C
d m
( n A 12 nt ( 0.3
urr e
nt
10
C
urr
e
0.28
C 8 y
I n p
ut
6 5 1 V 5V dc dc S u p
pl
0
0
.
.2
24
6
4
30Vdc
2 0.22
0
0.2
–55 –35 –15 5 25 45 65 85 10
We have the opportunity to refine the existing answer (only if needed) with some more",2025-12-13 13:56:36.939797
